,total_word_idx,text_id,sent_id_and_idx,word_idx,word,processed_word
4050,1,1,1,1,In,in
4051,2,1,1,2,ancient,ancient
4052,3,1,1,3,Roman,roman
4053,4,1,1,4,religion,religion
4054,5,1,1,5,and,and
4055,6,1,1,6,"myth,",myth
4056,7,1,1,7,Janus,janus
4057,8,1,1,8,is,be
4058,9,1,1,9,the,the
4059,10,1,1,10,god,god
4060,11,1,1,11,of,of
4061,12,1,1,12,beginnings,beginning
4062,13,1,1,13,and,and
4063,14,1,1,14,gates.,gate
4064,15,1,2,1,He,he
4065,16,1,2,2,has,have
4066,17,1,2,3,a,a
4067,18,1,2,4,double,double
4068,19,1,2,5,nature,nature
4069,20,1,2,6,and,and
4070,21,1,2,7,is,be
4071,22,1,2,8,usually,usually
4072,23,1,2,9,depicted,depict
4073,24,1,2,10,as,as
4074,25,1,2,11,having,have
4075,26,1,2,12,two,two
4076,27,1,2,13,"faces,",face
4077,28,1,2,14,since,since
4078,29,1,2,15,he,he
4079,30,1,2,16,looks,look
4080,31,1,2,17,to,to
4081,32,1,2,18,the,the
4082,33,1,2,19,future,future
4083,34,1,2,20,and,and
4084,35,1,2,21,to,to
4085,36,1,2,22,the,the
4086,37,1,2,23,past.,past
4087,38,1,3,1,Janus,janus
4088,39,1,3,2,presided,preside
4089,40,1,3,3,over,over
4090,41,1,3,4,the,the
4091,42,1,3,5,beginning,beginning
4092,43,1,3,6,and,and
4093,44,1,3,7,ending,ending
4094,45,1,3,8,of,of
4095,46,1,3,9,"conflict,",conflict
4096,47,1,3,10,and,and
4097,48,1,3,11,hence,hence
4098,49,1,3,12,war,war
4099,50,1,3,13,and,and
4100,51,1,3,14,peace.,peace
4101,52,1,4,1,The,the
4102,53,1,4,2,doors,door
4103,54,1,4,3,of,of
4104,55,1,4,4,his,he
4105,56,1,4,5,temple,temple
4106,57,1,4,6,were,be
4107,58,1,4,7,open,open
4108,59,1,4,8,in,in
4109,60,1,4,9,times,time
4110,61,1,4,10,of,of
4111,62,1,4,11,war,war
4112,63,1,4,12,and,and
4113,64,1,4,13,closed,close
4114,65,1,4,14,during,during
4115,66,1,4,15,peacetime.,peacetime
4116,67,1,5,1,As,as
4117,68,1,5,2,the,the
4118,69,1,5,3,god,god
4119,70,1,5,4,of,of
4120,71,1,5,5,"gates,",gate
4121,72,1,5,6,he,he
4122,73,1,5,7,was,be
4123,74,1,5,8,also,also
4124,75,1,5,9,associated,associate
4125,76,1,5,10,with,with
4126,77,1,5,11,entering,enter
4127,78,1,5,12,and,and
4128,79,1,5,13,exiting,exite
4129,80,1,5,14,the,the
4130,81,1,5,15,doors,door
4131,82,1,5,16,of,of
4132,83,1,5,17,homes.,home
4133,84,1,6,1,Janus,janus
4134,85,1,6,2,frequently,frequently
4135,86,1,6,3,symbolized,symbolize
4136,87,1,6,4,change,change
4137,88,1,6,5,and,and
4138,89,1,6,6,"transitions,",transition
4139,90,1,6,7,such,such
4140,91,1,6,8,as,as
4141,92,1,6,9,the,the
4142,93,1,6,10,progress,progress
4143,94,1,6,11,from,from
4144,95,1,6,12,one,one
4145,96,1,6,13,condition,condition
4146,97,1,6,14,to,to
4147,98,1,6,15,"another,",another
4148,99,1,6,16,from,from
4149,100,1,6,17,one,one
4150,101,1,6,18,vision,vision
4151,102,1,6,19,to,to
4152,103,1,6,20,"another,",another
4153,104,1,6,21,and,and
4154,105,1,6,22,the,the
4155,106,1,6,23,growth,growth
4156,107,1,6,24,of,of
4157,108,1,6,25,young,young
4158,109,1,6,26,people,people
4159,110,1,6,27,into,into
4160,111,1,6,28,adulthood.,adulthood
4161,112,1,7,1,"Hence,",hence
4162,113,1,7,2,Janus,janus
4163,114,1,7,3,was,be
4164,115,1,7,4,worshipped,worship
4165,116,1,7,5,at,at
4166,117,1,7,6,the,the
4167,118,1,7,7,beginning,beginning
4168,119,1,7,8,of,of
4169,120,1,7,9,the,the
4170,121,1,7,10,harvest,harvest
4171,122,1,7,11,and,and
4172,123,1,7,12,planting,planting
4173,124,1,7,13,"times,",time
4174,125,1,7,14,as,as
4175,126,1,7,15,well,well
4176,127,1,7,16,as,as
4177,128,1,7,17,at,at
4178,129,1,7,18,"marriages,",marriage
4179,130,1,7,19,"deaths,",death
4180,131,1,7,20,and,and
4181,132,1,7,21,other,other
4182,133,1,7,22,beginnings.,beginning
4183,134,1,8,1,Janus,janus
4184,135,1,8,2,had,have
4185,136,1,8,3,no,no
4186,137,1,8,4,specialized,specialized
4187,138,1,8,5,priest,priest
4188,139,1,8,6,assigned,assign
4189,140,1,8,7,to,to
4190,141,1,8,8,"him,",he
4191,142,1,8,9,but,but
4192,143,1,8,10,the,the
4193,144,1,8,11,high,high
4194,145,1,8,12,priest,priest
4195,146,1,8,13,himself,himself
4196,147,1,8,14,carried,carry
4197,148,1,8,15,out,out
4198,149,1,8,16,his,he
4199,150,1,8,17,ceremonies.,ceremony
4200,151,1,9,1,Janus,janus
4201,152,1,9,2,represented,represent
4202,153,1,9,3,the,the
4203,154,1,9,4,middle,middle
4204,155,1,9,5,ground,ground
4205,156,1,9,6,between,between
4206,157,1,9,7,barbarism,barbarism
4207,158,1,9,8,and,and
4208,159,1,9,9,"civilization,",civilization
4209,160,1,9,10,rural,rural
4210,161,1,9,11,and,and
4211,162,1,9,12,urban,urban
4212,163,1,9,13,"space,",space
4213,164,1,9,14,youth,youth
4214,165,1,9,15,and,and
4215,166,1,9,16,adulthood.,adulthood
4216,167,1,10,1,The,the
4217,168,1,10,2,ancient,ancient
4218,169,1,10,3,Greeks,greek
4219,170,1,10,4,had,have
4220,171,1,10,5,no,no
4221,172,1,10,6,equivalent,equivalent
4222,173,1,10,7,to,to
4223,174,1,10,8,"Janus,",janus
4224,175,1,10,9,whom,whom
4225,176,1,10,10,the,the
4226,177,1,10,11,Romans,romans
4227,178,1,10,12,claimed,claim
4228,179,1,10,13,as,as
4229,180,1,10,14,distinctively,distinctively
4230,181,1,10,15,their,they
4231,182,1,10,16,own.,own
4232,1,2,11,1,The,the
4233,2,2,11,2,shaka,shaka
4234,3,2,11,3,"sign,",sign
4235,4,2,11,4,sometimes,sometimes
4236,5,2,11,5,known,know
4237,6,2,11,6,as,as
4238,7,2,11,7,"""hang",hang
4239,8,2,11,8,"loose"",",loose
4240,9,2,11,9,is,be
4241,10,2,11,10,a,a
4242,11,2,11,11,gesture,gesture
4243,12,2,11,12,of,of
4244,13,2,11,13,friendly,friendly
4245,14,2,11,14,intent,intent
4246,15,2,11,15,often,often
4247,16,2,11,16,associated,associate
4248,17,2,11,17,with,with
4249,18,2,11,18,Hawaii,hawaii
4250,19,2,11,19,and,and
4251,20,2,11,20,surf,surf
4252,21,2,11,21,culture.,culture
4253,22,2,12,1,The,the
4254,23,2,12,2,gesture,gesture
4255,24,2,12,3,is,be
4256,25,2,12,4,made,make
4257,26,2,12,5,by,by
4258,27,2,12,6,extending,extend
4259,28,2,12,7,the,the
4260,29,2,12,8,thumb,thumb
4261,30,2,12,9,and,and
4262,31,2,12,10,smallest,small
4263,32,2,12,11,finger,finger
4264,33,2,12,12,while,while
4265,34,2,12,13,holding,hold
4266,35,2,12,14,the,the
4267,36,2,12,15,three,three
4268,37,2,12,16,middle,middle
4269,38,2,12,17,fingers,finger
4270,39,2,12,18,curled,curl
4271,40,2,12,19,and,and
4272,41,2,12,20,gesturing,gesture
4273,42,2,12,21,in,in
4274,43,2,12,22,salutation,salutation
4275,44,2,12,23,while,while
4276,45,2,12,24,presenting,present
4277,46,2,12,25,the,the
4278,47,2,12,26,front,front
4279,48,2,12,27,or,or
4280,49,2,12,28,back,back
4281,50,2,12,29,of,of
4282,51,2,12,30,the,the
4283,52,2,12,31,hand;,hand
4284,53,2,12,32,the,the
4285,54,2,12,33,hand,hand
4286,55,2,12,34,may,may
4287,56,2,12,35,be,be
4288,57,2,12,36,rotated,rotate
4289,58,2,12,37,back,back
4290,59,2,12,38,and,and
4291,60,2,12,39,forth,forth
4292,61,2,12,40,for,for
4293,62,2,12,41,emphasis.,emphasis
4294,63,2,13,1,The,the
4295,64,2,13,2,shaka,shaka
4296,65,2,13,3,sign,sign
4297,66,2,13,4,was,be
4298,67,2,13,5,adopted,adopt
4299,68,2,13,6,from,from
4300,69,2,13,7,local,local
4301,70,2,13,8,Hawaiian,hawaiian
4302,71,2,13,9,culture,culture
4303,72,2,13,10,and,and
4304,73,2,13,11,customs,custom
4305,74,2,13,12,by,by
4306,75,2,13,13,visiting,visit
4307,76,2,13,14,surfers,surfer
4308,77,2,13,15,in,in
4309,78,2,13,16,the,the
4310,79,2,13,17,"1960s,",1960
4311,80,2,13,18,and,and
4312,81,2,13,19,its,its
4313,82,2,13,20,use,use
4314,83,2,13,21,has,have
4315,84,2,13,22,spread,spread
4316,85,2,13,23,around,around
4317,86,2,13,24,the,the
4318,87,2,13,25,world.,world
4319,88,2,14,1,It,it
4320,89,2,14,2,is,be
4321,90,2,14,3,primarily,primarily
4322,91,2,14,4,used,use
4323,92,2,14,5,as,as
4324,93,2,14,6,a,a
4325,94,2,14,7,greeting,greeting
4326,95,2,14,8,gesture,gesture
4327,96,2,14,9,or,or
4328,97,2,14,10,to,to
4329,98,2,14,11,express,express
4330,99,2,14,12,"thanks,",thanks
4331,100,2,14,13,"acknowledgement,",acknowledgement
4332,101,2,14,14,or,or
4333,102,2,14,15,even,even
4334,103,2,14,16,praise,praise
4335,104,2,14,17,from,from
4336,105,2,14,18,one,one
4337,106,2,14,19,individual,individual
4338,107,2,14,20,to,to
4339,108,2,14,21,another.,another
4340,109,2,15,1,Residents,resident
4341,110,2,15,2,of,of
4342,111,2,15,3,Hawaii,hawaii
4343,112,2,15,4,use,use
4344,113,2,15,5,the,the
4345,114,2,15,6,shaka,shaka
4346,115,2,15,7,to,to
4347,116,2,15,8,convey,convey
4348,117,2,15,9,the,the
4349,118,2,15,10,"""Aloha",aloha
4350,119,2,15,11,"Spirit"":",spirit
4351,120,2,15,12,a,a
4352,121,2,15,13,concept,concept
4353,122,2,15,14,of,of
4354,123,2,15,15,"friendship,",friendship
4355,124,2,15,16,"understanding,",understanding
4356,125,2,15,17,"compassion,",compassion
4357,126,2,15,18,and,and
4358,127,2,15,19,solidarity,solidarity
4359,128,2,15,20,among,among
4360,129,2,15,21,the,the
4361,130,2,15,22,various,various
4362,131,2,15,23,ethnic,ethnic
4363,132,2,15,24,cultures,culture
4364,133,2,15,25,that,that
4365,134,2,15,26,reside,reside
4366,135,2,15,27,in,in
4367,136,2,15,28,Hawaii.,hawaii
4368,137,2,16,1,While,while
4369,138,2,16,2,the,the
4370,139,2,16,3,exact,exact
4371,140,2,16,4,origin,origin
4372,141,2,16,5,of,of
4373,142,2,16,6,the,the
4374,143,2,16,7,sign,sign
4375,144,2,16,8,is,be
4376,145,2,16,9,"unclear,",unclear
4377,146,2,16,10,some,some
4378,147,2,16,11,have,have
4379,148,2,16,12,suggested,suggest
4380,149,2,16,13,its,its
4381,150,2,16,14,origin,origin
4382,151,2,16,15,was,be
4383,152,2,16,16,derived,derive
4384,153,2,16,17,from,from
4385,154,2,16,18,Spanish,spanish
4386,155,2,16,19,"immigrants,",immigrant
4387,156,2,16,20,who,who
4388,157,2,16,21,folded,fold
4389,158,2,16,22,their,they
4390,159,2,16,23,middle,middle
4391,160,2,16,24,fingers,finger
4392,161,2,16,25,and,and
4393,162,2,16,26,took,take
4394,163,2,16,27,their,they
4395,164,2,16,28,thumbs,thumb
4396,165,2,16,29,to,to
4397,166,2,16,30,their,they
4398,167,2,16,31,lips,lip
4399,168,2,16,32,as,as
4400,169,2,16,33,a,a
4401,170,2,16,34,friendly,friendly
4402,171,2,16,35,gesture,gesture
4403,172,2,16,36,to,to
4404,173,2,16,37,represent,represent
4405,174,2,16,38,sharing,share
4406,175,2,16,39,a,a
4407,176,2,16,40,drink,drink
4408,177,2,16,41,with,with
4409,178,2,16,42,the,the
4410,179,2,16,43,natives,native
4411,180,2,16,44,they,they
4412,181,2,16,45,met,meet
4413,182,2,16,46,in,in
4414,183,2,16,47,Hawaii.,hawaii
4415,1,3,17,1,In,in
4416,2,3,17,2,competitive,competitive
4417,3,3,17,3,"sports,",sport
4418,4,3,17,4,doping,doping
4419,5,3,17,5,is,be
4420,6,3,17,6,the,the
4421,7,3,17,7,use,use
4422,8,3,17,8,of,of
4423,9,3,17,9,banned,ban
4424,10,3,17,10,performance-,performance
4425,11,3,17,11,enhancing,enhance
4426,12,3,17,12,drugs,drug
4427,13,3,17,13,by,by
4428,14,3,17,14,athletic,athletic
4429,15,3,17,15,competitors.,competitor
4430,16,3,18,1,The,the
4431,17,3,18,2,term,term
4432,18,3,18,3,doping,doping
4433,19,3,18,4,is,be
4434,20,3,18,5,widely,widely
4435,21,3,18,6,used,use
4436,22,3,18,7,by,by
4437,23,3,18,8,organizations,organization
4438,24,3,18,9,which,which
4439,25,3,18,10,regulate,regulate
4440,26,3,18,11,sporting,sport
4441,27,3,18,12,competitions.,competition
4442,28,3,19,1,The,the
4443,29,3,19,2,use,use
4444,30,3,19,3,of,of
4445,31,3,19,4,drugs,drug
4446,32,3,19,5,to,to
4447,33,3,19,6,enhance,enhance
4448,34,3,19,7,performance,performance
4449,35,3,19,8,is,be
4450,36,3,19,9,largely,largely
4451,37,3,19,10,considered,consider
4452,38,3,19,11,"unethical,",unethical
4453,39,3,19,12,and,and
4454,40,3,19,13,is,be
4455,41,3,19,14,therefore,therefore
4456,42,3,19,15,prohibited,prohibit
4457,43,3,19,16,by,by
4458,44,3,19,17,most,most
4459,45,3,19,18,international,international
4460,46,3,19,19,sports,sport
4461,47,3,19,20,"organizations,",organization
4462,48,3,19,21,including,include
4463,49,3,19,22,the,the
4464,50,3,19,23,International,international
4465,51,3,19,24,Olympic,olympic
4466,52,3,19,25,Committee.,committee
4467,53,3,20,1,"Furthermore,",furthermore
4468,54,3,20,2,athletes,athlete
4469,55,3,20,3,who,who
4470,56,3,20,4,take,take
4471,57,3,20,5,explicit,explicit
4472,58,3,20,6,measures,measure
4473,59,3,20,7,to,to
4474,60,3,20,8,evade,evade
4475,61,3,20,9,detection,detection
4476,62,3,20,10,exacerbate,exacerbate
4477,63,3,20,11,the,the
4478,64,3,20,12,ethical,ethical
4479,65,3,20,13,violation,violation
4480,66,3,20,14,with,with
4481,67,3,20,15,overt,overt
4482,68,3,20,16,deception,deception
4483,69,3,20,17,and,and
4484,70,3,20,18,cheating.,cheating
4485,71,3,21,1,Despite,despite
4486,72,3,21,2,its,its
4487,73,3,21,3,prevalence,prevalence
4488,74,3,21,4,in,in
4489,75,3,21,5,the,the
4490,76,3,21,6,headlines,headline
4491,77,3,21,7,"recently,",recently
4492,78,3,21,8,doping,doping
4493,79,3,21,9,is,be
4494,80,3,21,10,not,not
4495,81,3,21,11,a,a
4496,82,3,21,12,new,new
4497,83,3,21,13,phenomenon;,phenomenon
4498,84,3,21,14,in,in
4499,85,3,21,15,"fact,",fact
4500,86,3,21,16,it,it
4501,87,3,21,17,is,be
4502,88,3,21,18,as,as
4503,89,3,21,19,old,old
4504,90,3,21,20,as,as
4505,91,3,21,21,sport,sport
4506,92,3,21,22,itself.,itself
4507,93,3,22,1,From,from
4508,94,3,22,2,the,the
4509,95,3,22,3,use,use
4510,96,3,22,4,of,of
4511,97,3,22,5,substances,substance
4512,98,3,22,6,in,in
4513,99,3,22,7,ancient,ancient
4514,100,3,22,8,chariot,chariot
4515,101,3,22,9,races,race
4516,102,3,22,10,to,to
4517,103,3,22,11,more,more
4518,104,3,22,12,recent,recent
4519,105,3,22,13,controversies,controversy
4520,106,3,22,14,in,in
4521,107,3,22,15,baseball,baseball
4522,108,3,22,16,and,and
4523,109,3,22,17,"cycling,",cycling
4524,110,3,22,18,popular,popular
4525,111,3,22,19,views,view
4526,112,3,22,20,among,among
4527,113,3,22,21,athletes,athlete
4528,114,3,22,22,have,have
4529,115,3,22,23,varied,vary
4530,116,3,22,24,widely,widely
4531,117,3,22,25,over,over
4532,118,3,22,26,the,the
4533,119,3,22,27,years.,year
4534,120,3,23,1,In,in
4535,121,3,23,2,recent,recent
4536,122,3,23,3,"decades,",decade
4537,123,3,23,4,authorities,authority
4538,124,3,23,5,and,and
4539,125,3,23,6,sporting,sport
4540,126,3,23,7,organizations,organization
4541,127,3,23,8,have,have
4542,128,3,23,9,tried,try
4543,129,3,23,10,to,to
4544,130,3,23,11,strictly,strictly
4545,131,3,23,12,regulate,regulate
4546,132,3,23,13,the,the
4547,133,3,23,14,use,use
4548,134,3,23,15,of,of
4549,135,3,23,16,drugs,drug
4550,136,3,23,17,in,in
4551,137,3,23,18,sport.,sport
4552,138,3,24,1,The,the
4553,139,3,24,2,primary,primary
4554,140,3,24,3,reasons,reason
4555,141,3,24,4,for,for
4556,142,3,24,5,this,this
4557,143,3,24,6,ban,ban
4558,144,3,24,7,are,be
4559,145,3,24,8,the,the
4560,146,3,24,9,health,health
4561,147,3,24,10,risks,risk
4562,148,3,24,11,of,of
4563,150,3,24,13,performance-,performance
4564,151,3,24,14,enhancing,enhance
4565,152,3,24,15,"drugs,",drug
4566,153,3,24,16,the,the
4567,154,3,24,17,equality,equality
4568,155,3,24,18,of,of
4569,156,3,24,19,opportunity,opportunity
4570,157,3,24,20,for,for
4571,158,3,24,21,"athletes,",athlete
4572,159,3,24,22,and,and
4573,160,3,24,23,the,the
4574,161,3,24,24,positive,positive
4575,162,3,24,25,example,example
4576,163,3,24,26,to,to
4577,164,3,24,27,the,the
4578,165,3,24,28,public,public
4579,166,3,24,29,set,set
4580,167,3,24,30,by,by
4581,168,3,24,31,drug-,drug
4582,169,3,24,32,free,free
4583,170,3,24,33,sport.,sport
4584,171,3,25,1,Anti-,anti
4585,172,3,25,2,doping,doping
4586,173,3,25,3,authorities,authority
4587,174,3,25,4,have,have
4588,175,3,25,5,repeatedly,repeatedly
4589,176,3,25,6,emphasized,emphasize
4590,177,3,25,7,that,that
4591,178,3,25,8,using,use
4592,179,3,25,9,performance-,performance
4593,180,3,25,10,enhancing,enhancing
4594,181,3,25,11,drugs,drug
4595,182,3,25,12,goes,go
4596,183,3,25,13,against,against
4597,184,3,25,14,the,the
4598,185,3,25,15,"""spirit",spirit
4599,186,3,25,16,of,of
4600,187,3,25,17,"sport"".",sport
4601,1,4,26,1,The,the
4602,2,4,26,2,thylacine,thylacine
4603,3,4,26,3,was,be
4604,4,4,26,4,the,the
4605,5,4,26,5,largest,large
4606,6,4,26,6,known,know
4607,7,4,26,7,carnivorous,carnivorous
4608,8,4,26,8,marsupial,marsupial
4609,9,4,26,9,of,of
4610,10,4,26,10,modern,modern
4611,11,4,26,11,times.,time
4612,12,4,27,1,It,it
4613,13,4,27,2,is,be
4614,14,4,27,3,commonly,commonly
4615,15,4,27,4,known,know
4616,16,4,27,5,as,as
4617,17,4,27,6,the,the
4618,18,4,27,7,Tasmanian,tasmanian
4619,19,4,27,8,tiger,tiger
4620,20,4,27,9,because,because
4621,21,4,27,10,of,of
4622,22,4,27,11,its,its
4623,23,4,27,12,striped,strip
4624,24,4,27,13,lower,low
4625,25,4,27,14,"back,",back
4626,26,4,27,15,or,or
4627,27,4,27,16,the,the
4628,28,4,27,17,Tasmanian,tasmanian
4629,29,4,27,18,wolf,wolf
4630,30,4,27,19,because,because
4631,31,4,27,20,of,of
4632,32,4,27,21,its,its
4633,33,4,27,22,canine-,canine
4634,34,4,27,23,like,like
4635,35,4,27,24,"appearance,",appearance
4636,36,4,27,25,traits,trait
4637,37,4,27,26,and,and
4638,38,4,27,27,attributes.,attribute
4639,39,4,28,1,Native,native
4640,40,4,28,2,to,to
4641,41,4,28,3,continental,continental
4642,42,4,28,4,"Australia,",australia
4643,43,4,28,5,"Tasmania,",tasmania
4644,44,4,28,6,and,and
4645,45,4,28,7,New,new
4646,46,4,28,8,"Guinea,",guinea
4647,47,4,28,9,it,it
4648,48,4,28,10,is,be
4649,49,4,28,11,believed,believe
4650,50,4,28,12,to,to
4651,51,4,28,13,have,have
4652,52,4,28,14,become,become
4653,53,4,28,15,extinct,extinct
4654,54,4,28,16,in,in
4655,55,4,28,17,the,the
4656,56,4,28,18,twentieth,twentieth
4657,57,4,28,19,century.,century
4658,58,4,29,1,The,the
4659,59,4,29,2,thylacine,thylacine
4660,60,4,29,3,was,be
4661,61,4,29,4,one,one
4662,62,4,29,5,of,of
4663,63,4,29,6,only,only
4664,64,4,29,7,two,two
4665,65,4,29,8,marsupials,marsupial
4666,66,4,29,9,to,to
4667,67,4,29,10,have,have
4668,68,4,29,11,a,a
4669,69,4,29,12,pouch,pouch
4670,70,4,29,13,in,in
4671,71,4,29,14,both,both
4672,72,4,29,15,sexes.,sex
4673,73,4,30,1,The,the
4674,74,4,30,2,male,male
4675,75,4,30,3,had,have
4676,76,4,30,4,a,a
4677,77,4,30,5,pouch,pouch
4678,78,4,30,6,that,that
4679,79,4,30,7,protected,protect
4680,80,4,30,8,the,the
4681,81,4,30,9,external,external
4682,82,4,30,10,reproductive,reproductive
4683,83,4,30,11,organs,organ
4684,84,4,30,12,while,while
4685,85,4,30,13,running,run
4686,86,4,30,14,through,through
4687,87,4,30,15,thick,thick
4688,88,4,30,16,brush.,brush
4689,89,4,31,1,The,the
4690,90,4,31,2,thylacine,thylacine
4691,91,4,31,3,has,have
4692,92,4,31,4,been,be
4693,93,4,31,5,described,describe
4694,94,4,31,6,as,as
4695,95,4,31,7,a,a
4696,96,4,31,8,formidable,formidable
4697,97,4,31,9,predator,predator
4698,98,4,31,10,because,because
4699,99,4,31,11,of,of
4700,100,4,31,12,its,its
4701,101,4,31,13,ability,ability
4702,102,4,31,14,to,to
4703,103,4,31,15,survive,survive
4704,104,4,31,16,and,and
4705,105,4,31,17,hunt,hunt
4706,106,4,31,18,prey,prey
4707,107,4,31,19,in,in
4708,108,4,31,20,extremely,extremely
4709,109,4,31,21,sparsely,sparsely
4710,110,4,31,22,populated,populate
4711,111,4,31,23,areas.,area
4712,112,4,32,1,The,the
4713,113,4,32,2,thylacine,thylacine
4714,114,4,32,3,had,have
4715,115,4,32,4,become,become
4716,116,4,32,5,extremely,extremely
4717,117,4,32,6,rare,rare
4718,118,4,32,7,or,or
4719,119,4,32,8,extinct,extinct
4720,120,4,32,9,on,on
4721,121,4,32,10,the,the
4722,122,4,32,11,Australian,australian
4723,123,4,32,12,mainland,mainland
4724,124,4,32,13,before,before
4725,125,4,32,14,British,british
4726,126,4,32,15,settlement,settlement
4727,127,4,32,16,of,of
4728,128,4,32,17,the,the
4729,129,4,32,18,"continent,",continent
4730,130,4,32,19,but,but
4731,131,4,32,20,it,it
4732,132,4,32,21,survived,survive
4733,133,4,32,22,on,on
4734,134,4,32,23,the,the
4735,135,4,32,24,island,island
4736,136,4,32,25,of,of
4737,137,4,32,26,Tasmania.,tasmania
4738,138,4,33,1,Intensive,intensive
4739,139,4,33,2,hunting,hunting
4740,140,4,33,3,encouraged,encourage
4741,141,4,33,4,by,by
4742,142,4,33,5,bounties,bounty
4743,143,4,33,6,is,be
4744,144,4,33,7,generally,generally
4745,145,4,33,8,blamed,blame
4746,146,4,33,9,for,for
4747,147,4,33,10,its,its
4748,148,4,33,11,"extinction,",extinction
4749,149,4,33,12,but,but
4750,150,4,33,13,other,other
4751,151,4,33,14,contributing,contribute
4752,152,4,33,15,factors,factor
4753,153,4,33,16,may,may
4754,154,4,33,17,have,have
4755,155,4,33,18,included,include
4756,156,4,33,19,"disease,",disease
4757,157,4,33,20,the,the
4758,158,4,33,21,introduction,introduction
4759,159,4,33,22,of,of
4760,160,4,33,23,"dogs,",dog
4761,161,4,33,24,and,and
4762,162,4,33,25,human,human
4763,163,4,33,26,encroachment,encroachment
4764,164,4,33,27,into,into
4765,165,4,33,28,its,its
4766,166,4,33,29,habitat.,habitat
4767,167,4,34,1,Despite,despite
4768,168,4,34,2,its,its
4769,169,4,34,3,official,official
4770,170,4,34,4,classification,classification
4771,171,4,34,5,as,as
4772,172,4,34,6,"extinct,",extinct
4773,173,4,34,7,sightings,sighting
4774,174,4,34,8,are,be
4775,175,4,34,9,still,still
4776,176,4,34,10,"reported,",report
4777,177,4,34,11,though,though
4778,178,4,34,12,none,none
4779,179,4,34,13,have,have
4780,180,4,34,14,been,be
4781,181,4,34,15,conclusively,conclusively
4782,182,4,34,16,proven.,prove
4783,1,5,35,1,World,world
4784,2,5,35,2,Environment,environment
4785,3,5,35,3,Day,day
4786,4,5,35,4,(WED),wed
4787,5,5,35,5,is,be
4788,6,5,35,6,celebrated,celebrate
4789,7,5,35,7,on,on
4790,8,5,35,8,the,the
4791,9,5,35,9,fifth,fifth
4792,10,5,35,10,of,of
4793,11,5,35,11,June,june
4794,12,5,35,12,every,every
4795,13,5,35,13,year,year
4796,14,5,35,14,and,and
4797,15,5,35,15,is,be
4798,16,5,35,16,the,the
4799,17,5,35,17,United,unite
4800,18,5,35,18,Nation's,nation
4801,19,5,35,19,principal,principal
4802,20,5,35,20,vehicle,vehicle
4803,21,5,35,21,for,for
4804,22,5,35,22,encouraging,encourage
4805,23,5,35,23,awareness,awareness
4806,24,5,35,24,and,and
4807,25,5,35,25,action,action
4808,26,5,35,26,for,for
4809,27,5,35,27,the,the
4810,28,5,35,28,protection,protection
4811,29,5,35,29,of,of
4812,30,5,35,30,the,the
4813,31,5,35,31,environment.,environment
4814,32,5,36,1,First,first
4815,33,5,36,2,held,hold
4816,34,5,36,3,in,in
4817,35,5,36,4,"1974,",1974
4818,36,5,36,5,it,it
4819,37,5,36,6,has,have
4820,38,5,36,7,been,be
4821,39,5,36,8,a,a
4822,40,5,36,9,flagship,flagship
4823,41,5,36,10,campaign,campaign
4824,42,5,36,11,for,for
4825,43,5,36,12,raising,raise
4826,44,5,36,13,awareness,awareness
4827,45,5,36,14,on,on
4828,46,5,36,15,emerging,emerge
4829,47,5,36,16,environmental,environmental
4830,48,5,36,17,issues,issue
4831,49,5,36,18,from,from
4832,50,5,36,19,marine,marine
4833,51,5,36,20,"pollution,",pollution
4834,52,5,36,21,human,human
4835,53,5,36,22,"overpopulation,",overpopulation
4836,54,5,36,23,and,and
4837,55,5,36,24,global,global
4838,56,5,36,25,warming.,warming
4839,57,5,37,1,WED,wed
4840,58,5,37,2,has,have
4841,59,5,37,3,grown,grow
4842,60,5,37,4,to,to
4843,61,5,37,5,become,become
4844,62,5,37,6,a,a
4845,63,5,37,7,global,global
4846,64,5,37,8,platform,platform
4847,65,5,37,9,for,for
4848,66,5,37,10,public,public
4849,67,5,37,11,"outreach,",outreach
4850,68,5,37,12,with,with
4851,69,5,37,13,participation,participation
4852,70,5,37,14,from,from
4853,71,5,37,15,over,over
4854,72,5,37,16,one,one
4855,73,5,37,17,hundred,hundred
4856,74,5,37,18,countries,country
4857,75,5,37,19,annually.,annually
4858,76,5,38,1,Each,each
4859,77,5,38,2,"year,",year
4860,78,5,38,3,WED,wed
4861,79,5,38,4,chooses,choose
4862,80,5,38,5,a,a
4863,81,5,38,6,new,new
4864,82,5,38,7,theme,theme
4865,83,5,38,8,that,that
4866,84,5,38,9,major,major
4867,85,5,38,10,"corporations,",corporation
4868,86,5,38,11,non-,non
4869,87,5,38,12,governmental,governmental
4870,88,5,38,13,"organizations,",organization
4871,89,5,38,14,"communities,",community
4872,90,5,38,15,governments,government
4873,91,5,38,16,and,and
4874,92,5,38,17,celebrities,celebrity
4875,93,5,38,18,worldwide,worldwide
4876,94,5,38,19,adopt,adopt
4877,95,5,38,20,to,to
4878,96,5,38,21,advocate,advocate
4879,97,5,38,22,environmental,environmental
4880,98,5,38,23,causes.,cause
4881,99,5,39,1,For,for
4882,100,5,39,2,"example,",example
4883,101,5,39,3,the,the
4884,102,5,39,4,theme,theme
4885,103,5,39,5,for,for
4886,104,5,39,6,2018,2018
4887,105,5,39,7,is,be
4888,106,5,39,8,"""Beat",beat
4889,107,5,39,9,Plastic,plastic
4890,108,5,39,10,"Pollution"".",pollution
4891,109,5,40,1,The,the
4892,110,5,40,2,goal,goal
4893,111,5,40,3,is,be
4894,112,5,40,4,to,to
4895,113,5,40,5,encourage,encourage
4896,114,5,40,6,people,people
4897,115,5,40,7,to,to
4898,116,5,40,8,change,change
4899,117,5,40,9,their,they
4900,118,5,40,10,everyday,everyday
4901,119,5,40,11,habits,habit
4902,120,5,40,12,in,in
4903,121,5,40,13,ways,way
4904,122,5,40,14,which,which
4905,123,5,40,15,can,can
4906,124,5,40,16,reduce,reduce
4907,125,5,40,17,plastic,plastic
4908,126,5,40,18,pollution.,pollution
4909,127,5,41,1,"Specifically,",specifically
4910,128,5,41,2,the,the
4911,129,5,41,3,campaign,campaign
4912,130,5,41,4,hopes,hope
4913,131,5,41,5,to,to
4914,132,5,41,6,reduce,reduce
4915,133,5,41,7,the,the
4916,134,5,41,8,prevalence,prevalence
4917,135,5,41,9,of,of
4918,136,5,41,10,single-,single
4919,137,5,41,11,use,use
4920,138,5,41,12,or,or
4921,139,5,41,13,disposable,disposable
4922,140,5,41,14,plastic,plastic
4923,141,5,41,15,"items,",item
4924,142,5,41,16,as,as
4925,143,5,41,17,they,they
4926,144,5,41,18,have,have
4927,145,5,41,19,severe,severe
4928,146,5,41,20,environmental,environmental
4929,147,5,41,21,consequences.,consequence
4930,148,5,42,1,In,in
4931,149,5,42,2,response,response
4932,150,5,42,3,to,to
4933,151,5,42,4,this,this
4934,152,5,42,5,"campaign,",campaign
4935,153,5,42,6,the,the
4936,154,5,42,7,Indian,indian
4937,155,5,42,8,government,government
4938,156,5,42,9,has,have
4939,157,5,42,10,pledged,pledge
4940,158,5,42,11,to,to
4941,159,5,42,12,eliminate,eliminate
4942,160,5,42,13,all,all
4943,161,5,42,14,single-,single
4944,162,5,42,15,use,use
4945,163,5,42,16,plastic,plastic
4946,164,5,42,17,in,in
4947,165,5,42,18,India,india
4948,166,5,42,19,by,by
4949,167,5,42,20,2022.,2022
4950,1,6,43,1,A,a
4951,2,6,43,2,monocle,monocle
4952,3,6,43,3,is,be
4953,4,6,43,4,a,a
4954,5,6,43,5,type,type
4955,6,6,43,6,of,of
4956,7,6,43,7,corrective,corrective
4957,8,6,43,8,lens,lens
4958,9,6,43,9,used,use
4959,10,6,43,10,to,to
4960,11,6,43,11,correct,correct
4961,12,6,43,12,or,or
4962,13,6,43,13,enhance,enhance
4963,14,6,43,14,the,the
4964,15,6,43,15,vision,vision
4965,16,6,43,16,in,in
4966,17,6,43,17,only,only
4967,18,6,43,18,one,one
4968,19,6,43,19,eye.,eye
4969,20,6,44,1,It,it
4970,21,6,44,2,consists,consist
4971,22,6,44,3,of,of
4972,23,6,44,4,a,a
4973,24,6,44,5,circular,circular
4974,25,6,44,6,"lens,",lens
4975,26,6,44,7,generally,generally
4976,27,6,44,8,with,with
4977,28,6,44,9,a,a
4978,29,6,44,10,wire,wire
4979,30,6,44,11,ring,ring
4980,31,6,44,12,around,around
4981,32,6,44,13,the,the
4982,33,6,44,14,circumference,circumference
4983,34,6,44,15,that,that
4984,35,6,44,16,can,can
4985,36,6,44,17,be,be
4986,37,6,44,18,attached,attach
4987,38,6,44,19,to,to
4988,39,6,44,20,a,a
4989,40,6,44,21,string,string
4990,41,6,44,22,or,or
4991,42,6,44,23,wire.,wire
4992,43,6,45,1,The,the
4993,44,6,45,2,other,other
4994,45,6,45,3,end,end
4995,46,6,45,4,of,of
4996,47,6,45,5,the,the
4997,48,6,45,6,string,string
4998,49,6,45,7,is,be
4999,50,6,45,8,then,then
5000,51,6,45,9,connected,connect
5001,52,6,45,10,to,to
5002,53,6,45,11,the,the
5003,54,6,45,12,wearer's,wearer
5004,55,6,45,13,clothing,clothing
5005,56,6,45,14,to,to
5006,57,6,45,15,avoid,avoid
5007,58,6,45,16,losing,lose
5008,59,6,45,17,the,the
5009,60,6,45,18,monocle.,monocle
5010,61,6,46,1,During,during
5011,62,6,46,2,the,the
5012,63,6,46,3,late,late
5013,64,6,46,4,nineteenth,nineteenth
5014,65,6,46,5,"century,",century
5015,66,6,46,6,the,the
5016,67,6,46,7,monocle,monocle
5017,68,6,46,8,was,be
5018,69,6,46,9,generally,generally
5019,70,6,46,10,associated,associate
5020,71,6,46,11,with,with
5021,72,6,46,12,"wealthy,",wealthy
5022,73,6,46,13,upper-,upper
5023,74,6,46,14,class,class
5024,75,6,46,15,men.,man
5025,76,6,47,1,Combined,combine
5026,77,6,47,2,with,with
5027,78,6,47,3,a,a
5028,79,6,47,4,long,long
5029,80,6,47,5,coat,coat
5030,81,6,47,6,and,and
5031,82,6,47,7,a,a
5032,83,6,47,8,top,top
5033,84,6,47,9,"hat,",hat
5034,85,6,47,10,the,the
5035,86,6,47,11,monocle,monocle
5036,87,6,47,12,completed,complete
5037,88,6,47,13,the,the
5038,89,6,47,14,costume,costume
5039,90,6,47,15,of,of
5040,91,6,47,16,the,the
5041,92,6,47,17,stereotypical,stereotypical
5042,93,6,47,18,late,late
5043,94,6,47,19,nineteenth,nineteenth
5044,95,6,47,20,century,century
5045,96,6,47,21,capitalist.,capitalist
5046,97,6,48,1,Monocles,monocle
5047,98,6,48,2,were,be
5048,99,6,48,3,also,also
5049,100,6,48,4,accessories,accessory
5050,101,6,48,5,of,of
5051,102,6,48,6,military,military
5052,103,6,48,7,officers,officer
5053,104,6,48,8,from,from
5054,105,6,48,9,this,this
5055,106,6,48,10,period.,period
5056,107,6,49,1,Despite,despite
5057,108,6,49,2,their,they
5058,109,6,49,3,prevalence,prevalence
5059,110,6,49,4,in,in
5060,111,6,49,5,the,the
5061,112,6,49,6,late,late
5062,113,6,49,7,nineteenth,nineteenth
5063,114,6,49,8,"century,",century
5064,115,6,49,9,monocles,monocle
5065,116,6,49,10,are,be
5066,117,6,49,11,rarely,rarely
5067,118,6,49,12,worn,wear
5068,119,6,49,13,today.,today
5069,120,6,50,1,This,this
5070,121,6,50,2,is,be
5071,122,6,50,3,due,due
5072,123,6,50,4,in,in
5073,124,6,50,5,large,large
5074,125,6,50,6,part,part
5075,126,6,50,7,to,to
5076,127,6,50,8,advances,advance
5077,128,6,50,9,in,in
5078,129,6,50,10,"optometry,",optometry
5079,130,6,50,11,which,which
5080,131,6,50,12,allow,allow
5081,132,6,50,13,for,for
5082,133,6,50,14,better,good
5083,134,6,50,15,measurement,measurement
5084,135,6,50,16,of,of
5085,136,6,50,17,refractive,refractive
5086,137,6,50,18,"error,",error
5087,138,6,50,19,so,so
5088,139,6,50,20,that,that
5089,140,6,50,21,glasses,glasses
5090,141,6,50,22,and,and
5091,142,6,50,23,contact,contact
5092,143,6,50,24,lenses,lense
5093,144,6,50,25,can,can
5094,145,6,50,26,be,be
5095,146,6,50,27,prescribed,prescribe
5096,147,6,50,28,with,with
5097,148,6,50,29,different,different
5098,149,6,50,30,strengths,strength
5099,150,6,50,31,in,in
5100,151,6,50,32,each,each
5101,152,6,50,33,eye.,eye
5102,1,7,51,1,Wine,wine
5103,2,7,51,2,tasting,tasting
5104,3,7,51,3,is,be
5105,4,7,51,4,the,the
5106,5,7,51,5,sensory,sensory
5107,6,7,51,6,examination,examination
5108,7,7,51,7,and,and
5109,8,7,51,8,evaluation,evaluation
5110,9,7,51,9,of,of
5111,10,7,51,10,wine.,wine
5112,11,7,52,1,While,while
5113,12,7,52,2,the,the
5114,13,7,52,3,practice,practice
5115,14,7,52,4,of,of
5116,15,7,52,5,wine,wine
5117,16,7,52,6,tasting,tasting
5118,17,7,52,7,is,be
5119,18,7,52,8,as,as
5120,19,7,52,9,ancient,ancient
5121,20,7,52,10,as,as
5122,21,7,52,11,its,its
5123,22,7,52,12,"production,",production
5124,23,7,52,13,a,a
5125,24,7,52,14,more,more
5126,25,7,52,15,formalized,formalize
5127,26,7,52,16,methodology,methodology
5128,27,7,52,17,has,have
5129,28,7,52,18,slowly,slowly
5130,29,7,52,19,become,become
5131,30,7,52,20,established,establish
5132,31,7,52,21,from,from
5133,32,7,52,22,the,the
5134,33,7,52,23,late,late
5135,34,7,52,24,middle,middle
5136,35,7,52,25,ages,age
5137,36,7,52,26,onwards.,onwards
5138,37,7,53,1,"Modern,",modern
5139,38,7,53,2,professional,professional
5140,39,7,53,3,wine,wine
5141,40,7,53,4,tasters,taster
5142,41,7,53,5,use,use
5143,42,7,53,6,a,a
5144,43,7,53,7,constantly,constantly
5145,44,7,53,8,evolving,evolve
5146,45,7,53,9,specialized,specialize
5147,46,7,53,10,terminology,terminology
5148,47,7,53,11,which,which
5149,48,7,53,12,is,be
5150,49,7,53,13,used,use
5151,50,7,53,14,to,to
5152,51,7,53,15,describe,describe
5153,52,7,53,16,the,the
5154,53,7,53,17,range,range
5155,54,7,53,18,of,of
5156,55,7,53,19,perceived,perceive
5157,56,7,53,20,"flavors,",flavor
5158,57,7,53,21,aromas,aromas
5159,58,7,53,22,and,and
5160,59,7,53,23,general,general
5161,60,7,53,24,characteristics,characteristic
5162,61,7,53,25,of,of
5163,62,7,53,26,a,a
5164,63,7,53,27,wine.,wine
5165,64,7,54,1,In,in
5166,65,7,54,2,recent,recent
5167,66,7,54,3,"years,",year
5168,67,7,54,4,results,result
5169,68,7,54,5,challenging,challenge
5170,69,7,54,6,the,the
5171,70,7,54,7,reliability,reliability
5172,71,7,54,8,of,of
5173,72,7,54,9,wine,wine
5174,73,7,54,10,tasting,tasting
5175,74,7,54,11,in,in
5176,75,7,54,12,both,both
5177,76,7,54,13,experts,expert
5178,77,7,54,14,and,and
5179,78,7,54,15,consumers,consumer
5180,79,7,54,16,have,have
5181,80,7,54,17,surfaced.,surface
5182,81,7,55,1,For,for
5183,82,7,55,2,"example,",example
5184,83,7,55,3,studies,study
5185,84,7,55,4,showed,show
5186,85,7,55,5,that,that
5187,86,7,55,6,people,people
5188,87,7,55,7,expect,expect
5189,88,7,55,8,more,more
5190,89,7,55,9,expensive,expensive
5191,90,7,55,10,wine,wine
5192,91,7,55,11,to,to
5193,92,7,55,12,have,have
5194,93,7,55,13,more,more
5195,94,7,55,14,desirable,desirable
5196,95,7,55,15,characteristics,characteristic
5197,96,7,55,16,than,than
5198,97,7,55,17,less,less
5199,98,7,55,18,expensive,expensive
5200,99,7,55,19,wine:,wine
5201,100,7,55,20,When,when
5202,101,7,55,21,tasters,taster
5203,102,7,55,22,are,be
5204,103,7,55,23,given,give
5205,104,7,55,24,wine,wine
5206,105,7,55,25,that,that
5207,106,7,55,26,they,they
5208,107,7,55,27,are,be
5209,108,7,55,28,falsely,falsely
5210,109,7,55,29,told,tell
5211,110,7,55,30,is,be
5212,111,7,55,31,expensive,expensive
5213,112,7,55,32,they,they
5214,113,7,55,33,virtually,virtually
5215,114,7,55,34,always,always
5216,115,7,55,35,report,report
5217,116,7,55,36,it,it
5218,117,7,55,37,as,as
5219,118,7,55,38,tasting,taste
5220,119,7,55,39,better,good
5221,120,7,55,40,than,than
5222,121,7,55,41,the,the
5223,122,7,55,42,very,very
5224,123,7,55,43,same,same
5225,124,7,55,44,wine,wine
5226,125,7,55,45,when,when
5227,126,7,55,46,they,they
5228,127,7,55,47,are,be
5229,128,7,55,48,told,tell
5230,129,7,55,49,that,that
5231,130,7,55,50,it,it
5232,131,7,55,51,is,be
5233,132,7,55,52,inexpensive.,inexpensive
5234,133,7,56,1,Other,other
5235,134,7,56,2,studies,study
5236,135,7,56,3,show,show
5237,136,7,56,4,that,that
5238,137,7,56,5,tasters',taster
5239,138,7,56,6,judgment,judgment
5240,139,7,56,7,can,can
5241,140,7,56,8,be,be
5242,141,7,56,9,prejudiced,prejudice
5243,142,7,56,10,by,by
5244,143,7,56,11,knowing,know
5245,144,7,56,12,details,detail
5246,145,7,56,13,of,of
5247,146,7,56,14,a,a
5248,147,7,56,15,"wine,",wine
5249,148,7,56,16,such,such
5250,149,7,56,17,as,as
5251,150,7,56,18,geographic,geographic
5252,151,7,56,19,"origin,",origin
5253,152,7,56,20,"reputation,",reputation
5254,153,7,56,21,or,or
5255,154,7,56,22,other,other
5256,155,7,56,23,considerations.,consideration
5257,156,7,57,1,Objective,objective
5258,157,7,57,2,wine,wine
5259,158,7,57,3,tasting,tasting
5260,159,7,57,4,therefore,therefore
5261,160,7,57,5,requires,require
5262,161,7,57,6,the,the
5263,162,7,57,7,wine,wine
5264,163,7,57,8,to,to
5265,164,7,57,9,be,be
5266,165,7,57,10,served,serve
5267,166,7,57,11,blind,blind
5268,167,7,57,12,–,â€
5269,168,7,57,13,that,that
5270,169,7,57,14,"is,",be
5271,170,7,57,15,without,without
5272,171,7,57,16,the,the
5273,172,7,57,17,taster,taster
5274,173,7,57,18,having,have
5275,174,7,57,19,seen,see
5276,175,7,57,20,the,the
5277,176,7,57,21,label,label
5278,177,7,57,22,or,or
5279,178,7,57,23,bottle,bottle
5280,179,7,57,24,shape.,shape
5281,180,7,58,1,Blind,blind
5282,181,7,58,2,tasting,tasting
5283,182,7,58,3,may,may
5284,183,7,58,4,also,also
5285,184,7,58,5,involve,involve
5286,185,7,58,6,serving,serve
5287,186,7,58,7,the,the
5288,187,7,58,8,wine,wine
5289,188,7,58,9,from,from
5290,189,7,58,10,a,a
5291,190,7,58,11,black,black
5292,191,7,58,12,wine,wine
5293,192,7,58,13,glass,glass
5294,193,7,58,14,to,to
5295,194,7,58,15,mask,mask
5296,195,7,58,16,the,the
5297,196,7,58,17,color,color
5298,197,7,58,18,of,of
5299,198,7,58,19,the,the
5300,199,7,58,20,wine.,wine
5301,1,8,59,1,Orange,orange
5302,2,8,59,2,juice,juice
5303,3,8,59,3,is,be
5304,4,8,59,4,a,a
5305,5,8,59,5,liquid,liquid
5306,6,8,59,6,extract,extract
5307,7,8,59,7,of,of
5308,8,8,59,8,the,the
5309,9,8,59,9,orange,orange
5310,10,8,59,10,tree,tree
5311,11,8,59,11,"fruit,",fruit
5312,12,8,59,12,produced,produce
5313,13,8,59,13,by,by
5314,14,8,59,14,squeezing,squeeze
5315,15,8,59,15,oranges.,orange
5316,16,8,60,1,Commercial,commercial
5317,17,8,60,2,orange,orange
5318,18,8,60,3,juice,juice
5319,19,8,60,4,with,with
5320,20,8,60,5,a,a
5321,21,8,60,6,long,long
5322,22,8,60,7,shelf,shelf
5323,23,8,60,8,life,life
5324,24,8,60,9,is,be
5325,25,8,60,10,made,make
5326,26,8,60,11,by,by
5327,27,8,60,12,pasteurizing,pasteurize
5328,28,8,60,13,the,the
5329,29,8,60,14,juice,juice
5330,30,8,60,15,and,and
5331,31,8,60,16,removing,remove
5332,32,8,60,17,the,the
5333,33,8,60,18,oxygen,oxygen
5334,34,8,60,19,from,from
5335,35,8,60,20,it.,it
5336,36,8,61,1,This,this
5337,37,8,61,2,removes,remove
5338,38,8,61,3,much,much
5339,39,8,61,4,of,of
5340,40,8,61,5,the,the
5341,41,8,61,6,"taste,",taste
5342,42,8,61,7,necessitating,necessitate
5343,43,8,61,8,the,the
5344,44,8,61,9,later,late
5345,45,8,61,10,addition,addition
5346,46,8,61,11,of,of
5347,47,8,61,12,a,a
5348,48,8,61,13,flavor,flavor
5349,49,8,61,14,"pack,",pack
5350,50,8,61,15,generally,generally
5351,51,8,61,16,made,make
5352,52,8,61,17,from,from
5353,53,8,61,18,orange,orange
5354,54,8,61,19,products.,product
5355,55,8,62,1,"Additionally,",additionally
5356,56,8,62,2,some,some
5357,57,8,62,3,juice,juice
5358,58,8,62,4,is,be
5359,59,8,62,5,further,further
5360,60,8,62,6,processed,process
5361,61,8,62,7,by,by
5362,62,8,62,8,drying,drying
5363,63,8,62,9,and,and
5364,64,8,62,10,later,late
5365,65,8,62,11,rehydrating,rehydrate
5366,66,8,62,12,the,the
5367,67,8,62,13,"juice,",juice
5368,68,8,62,14,or,or
5369,69,8,62,15,by,by
5370,70,8,62,16,concentrating,concentrate
5371,71,8,62,17,the,the
5372,72,8,62,18,juice,juice
5373,73,8,62,19,and,and
5374,74,8,62,20,later,late
5375,75,8,62,21,adding,add
5376,76,8,62,22,water,water
5377,77,8,62,23,to,to
5378,78,8,62,24,the,the
5379,79,8,62,25,concentrate.,concentrate
5380,80,8,63,1,The,the
5381,81,8,63,2,health,health
5382,82,8,63,3,value,value
5383,83,8,63,4,of,of
5384,84,8,63,5,orange,orange
5385,85,8,63,6,juice,juice
5386,86,8,63,7,is,be
5387,87,8,63,8,debatable:,debatable
5388,88,8,63,9,it,it
5389,89,8,63,10,has,have
5390,90,8,63,11,a,a
5391,91,8,63,12,high,high
5392,92,8,63,13,concentration,concentration
5393,93,8,63,14,of,of
5394,94,8,63,15,vitamin,vitamin
5395,95,8,63,16,"C,",c
5396,96,8,63,17,but,but
5397,97,8,63,18,also,also
5398,98,8,63,19,a,a
5399,99,8,63,20,very,very
5400,100,8,63,21,high,high
5401,101,8,63,22,concentration,concentration
5402,102,8,63,23,of,of
5403,103,8,63,24,simple,simple
5404,104,8,63,25,"sugars,",sugar
5405,105,8,63,26,comparable,comparable
5406,106,8,63,27,to,to
5407,107,8,63,28,soft,soft
5408,108,8,63,29,drinks.,drink
5409,109,8,64,1,As,as
5410,110,8,64,2,a,a
5411,111,8,64,3,"result,",result
5412,112,8,64,4,some,some
5413,113,8,64,5,government,government
5414,114,8,64,6,nutritional,nutritional
5415,115,8,64,7,advice,advice
5416,116,8,64,8,has,have
5417,117,8,64,9,been,be
5418,118,8,64,10,adjusted,adjust
5419,119,8,64,11,to,to
5420,120,8,64,12,encourage,encourage
5421,121,8,64,13,substitution,substitution
5422,122,8,64,14,of,of
5423,123,8,64,15,orange,orange
5424,124,8,64,16,juice,juice
5425,125,8,64,17,with,with
5426,126,8,64,18,raw,raw
5427,127,8,64,19,"fruit,",fruit
5428,128,8,64,20,which,which
5429,129,8,64,21,is,be
5430,130,8,64,22,digested,digest
5431,131,8,64,23,more,more
5432,132,8,64,24,"slowly,",slowly
5433,133,8,64,25,and,and
5434,134,8,64,26,limit,limit
5435,135,8,64,27,daily,daily
5436,136,8,64,28,consumption.,consumption
5437,1,9,65,1,Beekeeping,beekeeping
5438,2,9,65,2,is,be
5439,3,9,65,3,the,the
5440,4,9,65,4,maintenance,maintenance
5441,5,9,65,5,of,of
5442,6,9,65,6,bee,bee
5443,7,9,65,7,colonies,colony
5444,8,9,65,8,by,by
5445,9,9,65,9,"humans,",human
5446,10,9,65,10,typically,typically
5447,11,9,65,11,with,with
5448,12,9,65,12,the,the
5449,13,9,65,13,use,use
5450,14,9,65,14,of,of
5451,15,9,65,15,man-,man
5452,16,9,65,16,made,make
5453,17,9,65,17,hives.,hife
5454,18,9,66,1,The,the
5455,19,9,66,2,species,species
5456,20,9,66,3,most,most
5457,21,9,66,4,commonly,commonly
5458,22,9,66,5,used,use
5459,23,9,66,6,in,in
5460,24,9,66,7,bee,bee
5461,25,9,66,8,colonies,colony
5462,26,9,66,9,are,be
5463,27,9,66,10,honey,honey
5464,28,9,66,11,bees.,bee
5465,29,9,67,1,A,a
5466,30,9,67,2,beekeeper,beekeeper
5467,31,9,67,3,maintains,maintain
5468,32,9,67,4,these,this
5469,33,9,67,5,colonies,colony
5470,34,9,67,6,in,in
5471,35,9,67,7,order,order
5472,36,9,67,8,to,to
5473,37,9,67,9,collect,collect
5474,38,9,67,10,the,the
5475,39,9,67,11,honey,honey
5476,40,9,67,12,and,and
5477,41,9,67,13,other,other
5478,42,9,67,14,products,product
5479,43,9,67,15,that,that
5480,44,9,67,16,the,the
5481,45,9,67,17,hive,hive
5482,46,9,67,18,produces,produce
5483,47,9,67,19,(such,such
5484,48,9,67,20,as,as
5485,49,9,67,21,"beeswax),",beeswax
5486,50,9,67,22,but,but
5487,51,9,67,23,also,also
5488,52,9,67,24,to,to
5489,53,9,67,25,pollinate,pollinate
5490,54,9,67,26,"crops,",crop
5491,55,9,67,27,or,or
5492,56,9,67,28,to,to
5493,57,9,67,29,produce,produce
5494,58,9,67,30,bees,bee
5495,59,9,67,31,for,for
5496,60,9,67,32,sale,sale
5497,61,9,67,33,to,to
5498,62,9,67,34,other,other
5499,63,9,67,35,beekeepers.,beekeeper
5500,64,9,68,1,The,the
5501,65,9,68,2,domestication,domestication
5502,66,9,68,3,of,of
5503,67,9,68,4,bees,bee
5504,68,9,68,5,is,be
5505,69,9,68,6,depicted,depict
5506,70,9,68,7,in,in
5507,71,9,68,8,Egyptian,egyptian
5508,72,9,68,9,art,art
5509,73,9,68,10,from,from
5510,74,9,68,11,over,over
5511,75,9,68,12,four,four
5512,76,9,68,13,thousand,thousand
5513,77,9,68,14,years,year
5514,78,9,68,15,ago.,ago
5515,79,9,69,1,Back,back
5516,80,9,69,2,"then,",then
5517,81,9,69,3,simple,simple
5518,82,9,69,4,hives,hife
5519,83,9,69,5,and,and
5520,84,9,69,6,smoke,smoke
5521,85,9,69,7,were,be
5522,86,9,69,8,used,use
5523,87,9,69,9,for,for
5524,88,9,69,10,"beekeeping,",beekeeping
5525,89,9,69,11,and,and
5526,90,9,69,12,honey,honey
5527,91,9,69,13,was,be
5528,92,9,69,14,stored,store
5529,93,9,69,15,in,in
5530,94,9,69,16,jars,jar
5531,95,9,69,17,–,â€
5532,96,9,69,18,some,some
5533,97,9,69,19,of,of
5534,98,9,69,20,which,which
5535,99,9,69,21,were,be
5536,100,9,69,22,found,find
5537,101,9,69,23,in,in
5538,102,9,69,24,the,the
5539,103,9,69,25,tombs,tomb
5540,104,9,69,26,of,of
5541,105,9,69,27,pharaohs.,pharaoh
5542,106,9,70,1,This,this
5543,107,9,70,2,process,process
5544,108,9,70,3,was,be
5545,109,9,70,4,largely,largely
5546,110,9,70,5,unchanged,unchanged
5547,111,9,70,6,until,until
5548,112,9,70,7,the,the
5549,113,9,70,8,eighteenth,eighteenth
5550,114,9,70,9,"century,",century
5551,115,9,70,10,when,when
5552,116,9,70,11,an,a
5553,117,9,70,12,improved,improve
5554,118,9,70,13,understanding,understanding
5555,119,9,70,14,of,of
5556,120,9,70,15,the,the
5557,121,9,70,16,biology,biology
5558,122,9,70,17,of,of
5559,123,9,70,18,bees,bee
5560,124,9,70,19,led,lead
5561,125,9,70,20,to,to
5562,126,9,70,21,the,the
5563,127,9,70,22,invention,invention
5564,128,9,70,23,of,of
5565,129,9,70,24,the,the
5566,130,9,70,25,moveable,moveable
5567,131,9,70,26,comb,comb
5568,132,9,70,27,hive,hive
5569,133,9,70,28,in,in
5570,134,9,70,29,"Europe,",europe
5571,135,9,70,30,allowing,allow
5572,136,9,70,31,honey,honey
5573,137,9,70,32,to,to
5574,138,9,70,33,be,be
5575,139,9,70,34,harvested,harvest
5576,140,9,70,35,without,without
5577,141,9,70,36,destroying,destroy
5578,142,9,70,37,the,the
5579,143,9,70,38,entire,entire
5580,144,9,70,39,colony.,colony
5581,145,9,71,1,"Today,",today
5582,146,9,71,2,some,some
5583,147,9,71,3,beekeepers,beekeeper
5584,148,9,71,4,believe,believe
5585,149,9,71,5,that,that
5586,150,9,71,6,the,the
5587,151,9,71,7,more,more
5588,152,9,71,8,stings,sting
5589,153,9,71,9,a,a
5590,154,9,71,10,beekeeper,beekeeper
5591,155,9,71,11,"receives,",receive
5592,156,9,71,12,the,the
5593,157,9,71,13,less,less
5594,158,9,71,14,irritation,irritation
5595,159,9,71,15,each,each
5596,160,9,71,16,one,one
5597,161,9,71,17,"causes,",cause
5598,162,9,71,18,and,and
5599,163,9,71,19,it,it
5600,164,9,71,20,is,be
5601,165,9,71,21,considered,consider
5602,166,9,71,22,important,important
5603,167,9,71,23,for,for
5604,168,9,71,24,the,the
5605,169,9,71,25,safety,safety
5606,170,9,71,26,of,of
5607,171,9,71,27,the,the
5608,172,9,71,28,beekeeper,beekeeper
5609,173,9,71,29,to,to
5610,174,9,71,30,be,be
5611,175,9,71,31,stung,sting
5612,176,9,71,32,a,a
5613,177,9,71,33,few,few
5614,178,9,71,34,times,time
5615,179,9,71,35,a,a
5616,180,9,71,36,season.,season
5617,181,9,72,1,"Indeed,",indeed
5618,182,9,72,2,recent,recent
5619,183,9,72,3,studies,study
5620,184,9,72,4,found,find
5621,185,9,72,5,that,that
5622,186,9,72,6,beekeepers,beekeeper
5623,187,9,72,7,have,have
5624,188,9,72,8,high,high
5625,189,9,72,9,levels,level
5626,190,9,72,10,of,of
5627,191,9,72,11,antibodies,antibody
5628,192,9,72,12,that,that
5629,193,9,72,13,react,react
5630,194,9,72,14,to,to
5631,195,9,72,15,the,the
5632,196,9,72,16,major,major
5633,197,9,72,17,antigen,antigen
5634,198,9,72,18,of,of
5635,199,9,72,19,bee,bee
5636,200,9,72,20,venom.,venom
5637,1,10,73,1,A,a
5638,2,10,73,2,national,national
5639,3,10,73,3,flag,flag
5640,4,10,73,4,is,be
5641,5,10,73,5,a,a
5642,6,10,73,6,flag,flag
5643,7,10,73,7,which,which
5644,8,10,73,8,represents,represent
5645,9,10,73,9,and,and
5646,10,10,73,10,symbolizes,symbolize
5647,11,10,73,11,a,a
5648,12,10,73,12,country.,country
5649,13,10,74,1,The,the
5650,14,10,74,2,national,national
5651,15,10,74,3,flag,flag
5652,16,10,74,4,is,be
5653,17,10,74,5,usually,usually
5654,18,10,74,6,flown,fly
5655,19,10,74,7,by,by
5656,20,10,74,8,the,the
5657,21,10,74,9,government,government
5658,22,10,74,10,of,of
5659,23,10,74,11,a,a
5660,24,10,74,12,"country,",country
5661,25,10,74,13,but,but
5662,26,10,74,14,it,it
5663,27,10,74,15,can,can
5664,28,10,74,16,also,also
5665,29,10,74,17,be,be
5666,30,10,74,18,flown,fly
5667,31,10,74,19,by,by
5668,32,10,74,20,its,its
5669,33,10,74,21,citizens.,citizen
5670,34,10,75,1,A,a
5671,35,10,75,2,national,national
5672,36,10,75,3,flag,flag
5673,37,10,75,4,is,be
5674,38,10,75,5,designed,design
5675,39,10,75,6,with,with
5676,40,10,75,7,specific,specific
5677,41,10,75,8,meanings,meaning
5678,42,10,75,9,for,for
5679,43,10,75,10,its,its
5680,44,10,75,11,colours,colour
5681,45,10,75,12,and,and
5682,46,10,75,13,symbols.,symbol
5683,47,10,76,1,"Historically,",historically
5684,48,10,76,2,flags,flag
5685,49,10,76,3,originated,originate
5686,50,10,76,4,as,as
5687,51,10,76,5,military,military
5688,52,10,76,6,"standards,",standard
5689,53,10,76,7,which,which
5690,54,10,76,8,were,be
5691,55,10,76,9,used,use
5692,56,10,76,10,as,as
5693,57,10,76,11,signs,sign
5694,58,10,76,12,on,on
5695,59,10,76,13,the,the
5696,60,10,76,14,battlefield.,battlefield
5697,61,10,77,1,The,the
5698,62,10,77,2,practice,practice
5699,63,10,77,3,of,of
5700,64,10,77,4,flying,fly
5701,65,10,77,5,national,national
5702,66,10,77,6,flags,flag
5703,67,10,77,7,outside,outside
5704,68,10,77,8,of,of
5705,69,10,77,9,the,the
5706,70,10,77,10,context,context
5707,71,10,77,11,of,of
5708,72,10,77,12,warfare,warfare
5709,73,10,77,13,only,only
5710,74,10,77,14,became,become
5711,75,10,77,15,common,common
5712,76,10,77,16,in,in
5713,77,10,77,17,the,the
5714,78,10,77,18,early,early
5715,79,10,77,19,seventeenth,seventeenth
5716,80,10,77,20,century.,century
5717,81,10,78,1,A,a
5718,82,10,78,2,country's,country
5719,83,10,78,3,constitution,constitution
5720,84,10,78,4,will,will
5721,85,10,78,5,often,often
5722,86,10,78,6,describe,describe
5723,87,10,78,7,the,the
5724,88,10,78,8,national,national
5725,89,10,78,9,flag.,flag
5726,90,10,79,1,All,all
5727,91,10,79,2,national,national
5728,92,10,79,3,flags,flag
5729,93,10,79,4,are,be
5730,94,10,79,5,"rectangular,",rectangular
5731,95,10,79,6,except,except
5732,96,10,79,7,for,for
5733,97,10,79,8,the,the
5734,98,10,79,9,flag,flag
5735,99,10,79,10,of,of
5736,100,10,79,11,"Nepal,",nepal
5737,101,10,79,12,which,which
5738,102,10,79,13,uses,use
5739,103,10,79,14,a,a
5740,104,10,79,15,unique,unique
5741,105,10,79,16,triangular,triangular
5742,106,10,79,17,shape.,shape
5743,107,10,80,1,The,the
5744,108,10,80,2,ratios,ratio
5745,109,10,80,3,of,of
5746,110,10,80,4,height,height
5747,111,10,80,5,to,to
5748,112,10,80,6,width,width
5749,113,10,80,7,vary,vary
5750,114,10,80,8,among,among
5751,115,10,80,9,standard,standard
5752,116,10,80,10,rectangular,rectangular
5753,117,10,80,11,"flags,",flag
5754,118,10,80,12,but,but
5755,119,10,80,13,none,none
5756,120,10,80,14,is,be
5757,121,10,80,15,taller,tall
5758,122,10,80,16,than,than
5759,123,10,80,17,it,it
5760,124,10,80,18,is,be
5761,125,10,80,19,wide.,wide
5762,126,10,81,1,The,the
5763,127,10,81,2,flags,flag
5764,128,10,81,3,of,of
5765,129,10,81,4,Switzerland,switzerland
5766,130,10,81,5,and,and
5767,131,10,81,6,the,the
5768,132,10,81,7,Vatican,vatican
5769,133,10,81,8,City,city
5770,134,10,81,9,are,be
5771,135,10,81,10,the,the
5772,136,10,81,11,only,only
5773,137,10,81,12,national,national
5774,138,10,81,13,flags,flag
5775,139,10,81,14,which,which
5776,140,10,81,15,are,be
5777,141,10,81,16,exact,exact
5778,142,10,81,17,squares.,square
5779,143,10,82,1,The,the
5780,144,10,82,2,most,most
5781,145,10,82,3,popular,popular
5782,146,10,82,4,colours,colour
5783,147,10,82,5,used,use
5784,148,10,82,6,for,for
5785,149,10,82,7,national,national
5786,150,10,82,8,flags,flag
5787,151,10,82,9,are,be
5788,152,10,82,10,"red,",red
5789,153,10,82,11,"white,",white
5790,154,10,82,12,"green,",green
5791,155,10,82,13,and,and
5792,156,10,82,14,blue.,blue
5793,157,10,83,1,Although,although
5794,158,10,83,2,the,the
5795,159,10,83,3,national,national
5796,160,10,83,4,flag,flag
5797,161,10,83,5,is,be
5798,162,10,83,6,meant,mean
5799,163,10,83,7,to,to
5800,164,10,83,8,be,be
5801,165,10,83,9,a,a
5802,166,10,83,10,unique,unique
5803,167,10,83,11,symbol,symbol
5804,168,10,83,12,for,for
5805,169,10,83,13,the,the
5806,170,10,83,14,country,country
5807,171,10,83,15,it,it
5808,172,10,83,16,"represents,",represent
5809,173,10,83,17,many,many
5810,174,10,83,18,flags,flag
5811,175,10,83,19,have,have
5812,176,10,83,20,very,very
5813,177,10,83,21,similar,similar
5814,178,10,83,22,colours,colour
5815,179,10,83,23,and,and
5816,180,10,83,24,designs.,design
5817,1,11,84,1,The,the
5818,2,11,84,2,International,international
5819,3,11,84,3,Union,union
5820,4,11,84,4,for,for
5821,5,11,84,5,Conservation,conservation
5822,6,11,84,6,of,of
5823,7,11,84,7,Nature,nature
5824,8,11,84,8,is,be
5825,9,11,84,9,an,a
5826,10,11,84,10,international,international
5827,11,11,84,11,organization,organization
5828,12,11,84,12,working,work
5829,13,11,84,13,in,in
5830,14,11,84,14,the,the
5831,15,11,84,15,field,field
5832,16,11,84,16,of,of
5833,17,11,84,17,nature,nature
5834,18,11,84,18,conservation,conservation
5835,19,11,84,19,and,and
5836,20,11,84,20,the,the
5837,21,11,84,21,sustainable,sustainable
5838,22,11,84,22,use,use
5839,23,11,84,23,of,of
5840,24,11,84,24,natural,natural
5841,25,11,84,25,resources.,resource
5842,26,11,85,1,It,it
5843,27,11,85,2,is,be
5844,28,11,85,3,involved,involved
5845,29,11,85,4,in,in
5846,30,11,85,5,data,datum
5847,31,11,85,6,gathering,gathering
5848,32,11,85,7,and,and
5849,33,11,85,8,"analysis,",analysis
5850,34,11,85,9,"research,",research
5851,35,11,85,10,field,field
5852,36,11,85,11,"projects,",project
5853,37,11,85,12,"advocacy,",advocacy
5854,38,11,85,13,and,and
5855,39,11,85,14,education.,education
5856,40,11,86,1,Its,its
5857,41,11,86,2,mission,mission
5858,42,11,86,3,is,be
5859,43,11,86,4,to,to
5860,44,11,86,5,"""influence,",influence
5861,45,11,86,6,encourage,encourage
5862,46,11,86,7,and,and
5863,47,11,86,8,assist,assist
5864,48,11,86,9,societies,society
5865,49,11,86,10,throughout,throughout
5866,50,11,86,11,the,the
5867,51,11,86,12,world,world
5868,52,11,86,13,to,to
5869,53,11,86,14,conserve,conserve
5870,54,11,86,15,nature,nature
5871,55,11,86,16,and,and
5872,56,11,86,17,to,to
5873,57,11,86,18,ensure,ensure
5874,58,11,86,19,that,that
5875,59,11,86,20,any,any
5876,60,11,86,21,use,use
5877,61,11,86,22,of,of
5878,62,11,86,23,natural,natural
5879,63,11,86,24,resources,resource
5880,64,11,86,25,is,be
5881,65,11,86,26,equitable,equitable
5882,66,11,86,27,and,and
5883,67,11,86,28,ecologically,ecologically
5884,68,11,86,29,"sustainable"".",sustainable
5885,69,11,87,1,Over,over
5886,70,11,87,2,the,the
5887,71,11,87,3,past,past
5888,72,11,87,4,"decades,",decade
5889,73,11,87,5,the,the
5890,74,11,87,6,organization,organization
5891,75,11,87,7,has,have
5892,76,11,87,8,widened,widen
5893,77,11,87,9,its,its
5894,78,11,87,10,focus,focus
5895,79,11,87,11,beyond,beyond
5896,80,11,87,12,conservation,conservation
5897,81,11,87,13,ecology,ecology
5898,82,11,87,14,and,and
5899,83,11,87,15,now,now
5900,84,11,87,16,incorporates,incorporate
5901,85,11,87,17,issues,issue
5902,86,11,87,18,related,related
5903,87,11,87,19,to,to
5904,88,11,87,20,sustainable,sustainable
5905,89,11,87,21,development,development
5906,90,11,87,22,in,in
5907,91,11,87,23,its,its
5908,92,11,87,24,projects.,project
5909,93,11,88,1,Unlike,unlike
5910,94,11,88,2,many,many
5911,95,11,88,3,other,other
5912,96,11,88,4,international,international
5913,97,11,88,5,environmental,environmental
5914,98,11,88,6,"organizations,",organization
5915,99,11,88,7,it,it
5916,100,11,88,8,does,do
5917,101,11,88,9,not,not
5918,102,11,88,10,aim,aim
5919,103,11,88,11,to,to
5920,104,11,88,12,mobilize,mobilize
5921,105,11,88,13,the,the
5922,106,11,88,14,public,public
5923,107,11,88,15,in,in
5924,108,11,88,16,support,support
5925,109,11,88,17,of,of
5926,110,11,88,18,nature,nature
5927,111,11,88,19,conservation.,conservation
5928,112,11,89,1,"Instead,",instead
5929,113,11,89,2,the,the
5930,114,11,89,3,organization,organization
5931,115,11,89,4,tries,try
5932,116,11,89,5,to,to
5933,117,11,89,6,influence,influence
5934,118,11,89,7,the,the
5935,119,11,89,8,actions,action
5936,120,11,89,9,of,of
5937,121,11,89,10,"governments,",government
5938,122,11,89,11,business,business
5939,123,11,89,12,and,and
5940,124,11,89,13,other,other
5941,125,11,89,14,stakeholders,stakeholder
5942,126,11,89,15,by,by
5943,127,11,89,16,providing,provide
5944,128,11,89,17,information,information
5945,129,11,89,18,and,and
5946,130,11,89,19,"advice,",advice
5947,131,11,89,20,and,and
5948,132,11,89,21,through,through
5949,133,11,89,22,building,building
5950,134,11,89,23,partnerships.,partnership
5951,135,11,90,1,The,the
5952,136,11,90,2,organization,organization
5953,137,11,90,3,is,be
5954,138,11,90,4,best,well
5955,139,11,90,5,known,know
5956,140,11,90,6,to,to
5957,141,11,90,7,the,the
5958,142,11,90,8,wider,wide
5959,143,11,90,9,public,public
5960,144,11,90,10,for,for
5961,145,11,90,11,compiling,compile
5962,146,11,90,12,and,and
5963,147,11,90,13,publishing,publish
5964,148,11,90,14,the,the
5965,149,11,90,15,"""Red",red
5966,150,11,90,16,List,list
5967,151,11,90,17,of,of
5968,152,11,90,18,Threatened,threatened
5969,153,11,90,19,"Species"",",species
5970,154,11,90,20,which,which
5971,155,11,90,21,assesses,assess
5972,156,11,90,22,the,the
5973,157,11,90,23,conservation,conservation
5974,158,11,90,24,status,status
5975,159,11,90,25,of,of
5976,160,11,90,26,species,species
5977,161,11,90,27,worldwide.,worldwide
5978,162,11,91,1,"Today,",today
5979,163,11,91,2,the,the
5980,164,11,91,3,organization,organization
5981,165,11,91,4,employs,employ
5982,166,11,91,5,approximately,approximately
5983,167,11,91,6,one,one
5984,168,11,91,7,thousand,thousand
5985,169,11,91,8,full-,full
5986,170,11,91,9,time,time
5987,171,11,91,10,staff,staff
5988,172,11,91,11,in,in
5989,173,11,91,12,more,more
5990,174,11,91,13,than,than
5991,175,11,91,14,fifty,fifty
5992,176,11,91,15,countries.,country
5993,1,12,92,1,A,a
5994,2,12,92,2,vehicle,vehicle
5995,3,12,92,3,registration,registration
5996,4,12,92,4,plate,plate
5997,5,12,92,5,is,be
5998,6,12,92,6,a,a
5999,7,12,92,7,metal,metal
6000,8,12,92,8,or,or
6001,9,12,92,9,plastic,plastic
6002,10,12,92,10,plate,plate
6003,11,12,92,11,attached,attach
6004,12,12,92,12,to,to
6005,13,12,92,13,a,a
6006,14,12,92,14,vehicle,vehicle
6007,15,12,92,15,for,for
6008,16,12,92,16,official,official
6009,17,12,92,17,identification,identification
6010,18,12,92,18,purposes.,purpose
6011,19,12,93,1,All,all
6012,20,12,93,2,countries,country
6013,21,12,93,3,require,require
6014,22,12,93,4,registration,registration
6015,23,12,93,5,plates,plate
6016,24,12,93,6,for,for
6017,25,12,93,7,road,road
6018,26,12,93,8,vehicles,vehicle
6019,27,12,93,9,such,such
6020,28,12,93,10,as,as
6021,29,12,93,11,"cars,",car
6022,30,12,93,12,"trucks,",truck
6023,31,12,93,13,and,and
6024,32,12,93,14,motorcycles.,motorcycle
6025,33,12,94,1,Whether,whether
6026,34,12,94,2,they,they
6027,35,12,94,3,are,be
6028,36,12,94,4,required,require
6029,37,12,94,5,for,for
6030,38,12,94,6,other,other
6031,39,12,94,7,"vehicles,",vehicle
6032,40,12,94,8,such,such
6033,41,12,94,9,as,as
6034,42,12,94,10,"bicycles,",bicycle
6035,43,12,94,11,"boats,",boat
6036,44,12,94,12,or,or
6037,45,12,94,13,"tractors,",tractor
6038,46,12,94,14,may,may
6039,47,12,94,15,vary,vary
6040,48,12,94,16,by,by
6041,49,12,94,17,jurisdiction.,jurisdiction
6042,50,12,95,1,The,the
6043,51,12,95,2,registration,registration
6044,52,12,95,3,identifier,identifier
6045,53,12,95,4,is,be
6046,54,12,95,5,a,a
6047,55,12,95,6,series,series
6048,56,12,95,7,of,of
6049,57,12,95,8,letters,letter
6050,58,12,95,9,and,and
6051,59,12,95,10,digits,digit
6052,60,12,95,11,that,that
6053,61,12,95,12,uniquely,uniquely
6054,62,12,95,13,identifies,identify
6055,63,12,95,14,the,the
6056,64,12,95,15,vehicle,vehicle
6057,65,12,95,16,owner,owner
6058,66,12,95,17,within,within
6059,67,12,95,18,the,the
6060,68,12,95,19,issuing,issue
6061,69,12,95,20,region's,region
6062,70,12,95,21,vehicle,vehicle
6063,71,12,95,22,register.,register
6064,72,12,96,1,In,in
6065,73,12,96,2,some,some
6066,74,12,96,3,"countries,",country
6067,75,12,96,4,the,the
6068,76,12,96,5,identifier,identifier
6069,77,12,96,6,is,be
6070,78,12,96,7,unique,unique
6071,79,12,96,8,within,within
6072,80,12,96,9,the,the
6073,81,12,96,10,entire,entire
6074,82,12,96,11,"country,",country
6075,83,12,96,12,while,while
6076,84,12,96,13,in,in
6077,85,12,96,14,others,other
6078,86,12,96,15,it,it
6079,87,12,96,16,is,be
6080,88,12,96,17,unique,unique
6081,89,12,96,18,within,within
6082,90,12,96,19,a,a
6083,91,12,96,20,state,state
6084,92,12,96,21,or,or
6085,93,12,96,22,province.,province
6086,94,12,97,1,France,france
6087,95,12,97,2,was,be
6088,96,12,97,3,the,the
6089,97,12,97,4,first,first
6090,98,12,97,5,country,country
6091,99,12,97,6,to,to
6092,100,12,97,7,introduce,introduce
6093,101,12,97,8,the,the
6094,102,12,97,9,registration,registration
6095,103,12,97,10,"plate,",plate
6096,104,12,97,11,in,in
6097,105,12,97,12,the,the
6098,106,12,97,13,late,late
6099,107,12,97,14,nineteenth,nineteenth
6100,108,12,97,15,century.,century
6101,109,12,98,1,Early,early
6102,110,12,98,2,twentieth,twentieth
6103,111,12,98,3,century,century
6104,112,12,98,4,plates,plate
6105,113,12,98,5,varied,vary
6106,114,12,98,6,in,in
6107,115,12,98,7,size,size
6108,116,12,98,8,and,and
6109,117,12,98,9,shape,shape
6110,118,12,98,10,from,from
6111,119,12,98,11,one,one
6112,120,12,98,12,jurisdiction,jurisdiction
6113,121,12,98,13,to,to
6114,122,12,98,14,the,the
6115,123,12,98,15,"next,",next
6116,124,12,98,16,such,such
6117,125,12,98,17,that,that
6118,126,12,98,18,if,if
6119,127,12,98,19,a,a
6120,128,12,98,20,person,person
6121,129,12,98,21,"moved,",move
6122,130,12,98,22,new,new
6123,131,12,98,23,holes,hole
6124,132,12,98,24,would,would
6125,133,12,98,25,need,need
6126,134,12,98,26,to,to
6127,135,12,98,27,be,be
6128,136,12,98,28,drilled,drill
6129,137,12,98,29,into,into
6130,138,12,98,30,the,the
6131,139,12,98,31,automobile,automobile
6132,140,12,98,32,to,to
6133,141,12,98,33,support,support
6134,142,12,98,34,the,the
6135,143,12,98,35,new,new
6136,144,12,98,36,plate.,plate
6137,145,12,99,1,Standardization,standardization
6138,146,12,99,2,of,of
6139,147,12,99,3,plates,plate
6140,148,12,99,4,came,come
6141,149,12,99,5,in,in
6142,150,12,99,6,the,the
6143,151,12,99,7,late,late
6144,152,12,99,8,"fifties,",fifty
6145,153,12,99,9,when,when
6146,154,12,99,10,automobile,automobile
6147,155,12,99,11,manufacturers,manufacturer
6148,156,12,99,12,came,come
6149,157,12,99,13,to,to
6150,158,12,99,14,an,a
6151,159,12,99,15,agreement,agreement
6152,160,12,99,16,with,with
6153,161,12,99,17,governments,government
6154,162,12,99,18,and,and
6155,163,12,99,19,international,international
6156,164,12,99,20,organizations.,organization
